	Run	ReleaseDate	LoadDate	spots	bases	spots_with_mates	avgLength	size_MB	AssemblyName	download_path	LibraryName	LibraryStrategy	LibrarySelection	LibrarySource	LibraryLayout	InsertSize	InsertDev	Platform	Model	SRAStudy	BioProject	Study_Pubmed_id	ProjectID	Sample	BioSample	SampleType	TaxID	ScientificName	SampleName	project	condition	reference_condition	base_media	temperature	culture_type	supplement	ligth_fluence_rate	CenterName	Submission	dbgap_study_accession	Consent	RunHash	ReadHash	R1	R2	passed_fastqc	passed_reads_mapped_to_CDS	passed_global_correlation	paper_url	full_name	passed_replicate_correlations
SRX12668170	SRR16464638	2021-10-21 12:51:12	2021-10-19 22:25:55	11521763	3304438182	11521763	286	1081		https://sra-downloadb.be-md.ncbi.nlm.nih.gov/sos3/sra-pub-zq-22/SRR016/16464/SRR16464638/SRR16464638.lite.1		RNA-Seq	cDNA	TRANSCRIPTOMIC	PAIRED	0	0	ILLUMINA	Illumina HiSeq 4000	SRP341882	PRJNA772179		772179	SRS10619966	SAMN22368186	simple	1148	Synechocystis sp. PCC 6803	GSM5629523	thermal	Control_30_0	Control_30_0	BG-11	30.0	chemostat		150 µmol/m2 s (478.0458 mmol/gDW h)	GEO	SRA1312575		public	B23F24CD4544D3CF2FF76B076B791FB0	F14BE5C31DBCBF9FDBCC8743D80284ED			True	True	True		thermal:Control_30_0	True
SRX12668171	SRR16464639	2021-10-21 12:51:12	2021-10-19 22:37:27	14722609	4211672855	14722609	286	1382		https://sra-downloadb.be-md.ncbi.nlm.nih.gov/sos4/sra-pub-zq-1/SRR016/16464/SRR16464639/SRR16464639.lite.1		RNA-Seq	cDNA	TRANSCRIPTOMIC	PAIRED	0	0	ILLUMINA	Illumina HiSeq 4000	SRP341882	PRJNA772179		772179	SRS10619967	SAMN22368187	simple	1148	Synechocystis sp. PCC 6803	GSM5629524	thermal	Control_30_1	Control_30_0	BG-11	30.0	chemostat		150 µmol/m2 s (478.0458 mmol/gDW h)	GEO	SRA1312575		public	13AF2D44A3CB5D3E7BCBBB123FA5F6B1	1A4884B20D76E03FD5DC55E9B376EC7A			True	True	True		thermal:Control_30_1	True
SRX12668172	SRR16464640	2021-10-21 12:51:12	2021-10-19 22:26:38	11368672	3231868266	11368672	284	1057		https://sra-downloadb.be-md.ncbi.nlm.nih.gov/sos2/sra-pub-zq-20/SRR016/16464/SRR16464640/SRR16464640.lite.1		RNA-Seq	cDNA	TRANSCRIPTOMIC	PAIRED	0	0	ILLUMINA	Illumina HiSeq 4000	SRP341882	PRJNA772179		772179	SRS10619970	SAMN22368188	simple	1148	Synechocystis sp. PCC 6803	GSM5629525	thermal	Control_30_2	Control_30_0	BG-11	30.0	chemostat		150 µmol/m2 s (478.0458 mmol/gDW h)	GEO	SRA1312575		public	C2B5A8D874C4988BBFB8B3F81C45B4C3	E7682D21F5669C0C426900E59A58637F			True	True	True		thermal:Control_30_2	True
SRX12668179	SRR16464647	2021-10-21 12:51:12	2021-10-19 22:15:34	8219965	2324055126	8219965	282	771		https://sra-downloadb.be-md.ncbi.nlm.nih.gov/sos2/sra-pub-zq-20/SRR016/16464/SRR16464647/SRR16464647.lite.1		RNA-Seq	cDNA	TRANSCRIPTOMIC	PAIRED	0	0	ILLUMINA	Illumina HiSeq 4000	SRP341882	PRJNA772179		772179	SRS10619975	SAMN22368195	simple	1148	Synechocystis sp. PCC 6803	GSM5629532	thermal	Control_30_9	Control_30_0	BG-11	30.0	chemostat		150 µmol/m2 s (478.0458 mmol/gDW h)	GEO	SRA1312575		public	11C4A07C3D4CADE6B874A8BB12079E9E	AE7E28B67C5ED2D696071987898A5D8B			True	True	True		thermal:Control_30_9	True
SRX12668183	SRR16464651	2021-10-21 12:51:12	2021-10-19 22:44:01	16150737	4528974444	16150737	280	1475		https://sra-downloadb.be-md.ncbi.nlm.nih.gov/sos1/sra-pub-zq-38/SRR016/16464/SRR16464651/SRR16464651.lite.1		RNA-Seq	cDNA	TRANSCRIPTOMIC	PAIRED	0	0	ILLUMINA	Illumina HiSeq 4000	SRP341882	PRJNA772179		772179	SRS10619979	SAMN22368199	simple	1148	Synechocystis sp. PCC 6803	GSM5629536	thermal	Control_30_1	Control_30_0	BG-11	30.0	chemostat		150 µmol/m2 s (478.0458 mmol/gDW h)	GEO	SRA1312575		public	842E6E58E7000F2AD08F1F5FB5787161	718C995FC50FE521887EED6F9C3CC99F			True	True	True		thermal:Control_30_1	True
SRX12668188	SRR16464656	2021-10-21 12:51:12	2021-10-19 22:14:34	9751291	2719058025	9751291	278	883		https://sra-downloadb.be-md.ncbi.nlm.nih.gov/sos2/sra-pub-zq-20/SRR016/16464/SRR16464656/SRR16464656.lite.1		RNA-Seq	cDNA	TRANSCRIPTOMIC	PAIRED	0	0	ILLUMINA	Illumina HiSeq 4000	SRP341882	PRJNA772179		772179	SRS10619984	SAMN22368204	simple	1148	Synechocystis sp. PCC 6803	GSM5629541	thermal	Control_30_6	Control_30_0	BG-11	30.0	chemostat		150 µmol/m2 s (478.0458 mmol/gDW h)	GEO	SRA1312575		public	C86C00F05EB8CBFEBDC46AE451C6C045	9B1AFAF1E99EC38968B0D2C8AD18530B			True	True	True		thermal:Control_30_6	True
SRX12668189	SRR16464658	2021-10-21 12:51:12	2021-10-19 22:21:15	10133976	2773933125	10133976	273	909		https://sra-downloadb.be-md.ncbi.nlm.nih.gov/sos4/sra-pub-zq-1/SRR016/16464/SRR16464658/SRR16464658.lite.1		RNA-Seq	cDNA	TRANSCRIPTOMIC	PAIRED	0	0	ILLUMINA	Illumina HiSeq 4000	SRP341882	PRJNA772179		772179	SRS10619985	SAMN22368205	simple	1148	Synechocystis sp. PCC 6803	GSM5629542	thermal	Control_30_7	Control_30_0	BG-11	30.0	chemostat		150 µmol/m2 s (478.0458 mmol/gDW h)	GEO	SRA1312575		public	D6D134D58452C2E708B4192EA6CF29B0	C3E656DF696D73D6B92A0AAF960B8D81			True	True	True		thermal:Control_30_7	True
SRX12668194	SRR16464663	2021-10-21 12:51:13	2021-10-19 22:34:35	13993894	3902168177	13993894	278	1277		https://sra-downloadb.be-md.ncbi.nlm.nih.gov/sos1/sra-pub-zq-38/SRR016/16464/SRR16464663/SRR16464663.lite.1		RNA-Seq	cDNA	TRANSCRIPTOMIC	PAIRED	0	0	ILLUMINA	Illumina HiSeq 4000	SRP341882	PRJNA772179		772179	SRS10619990	SAMN22368210	simple	1148	Synechocystis sp. PCC 6803	GSM5629547	thermal	Control_30_0	Control_30_0	BG-11	30.0	chemostat		150 µmol/m2 s (478.0458 mmol/gDW h)	GEO	SRA1312575		public	D4FFCB027A04E3B9CA1490F585344948	AE348490B3D79F3030446850F223976D			True	True	True		thermal:Control_30_0	True
SRX12668195	SRR16464664	2021-10-21 12:51:13	2021-10-19 22:33:19	10774703	2990238171	10774703	277	982		https://sra-downloadb.be-md.ncbi.nlm.nih.gov/sos3/sra-pub-zq-24/SRR016/16464/SRR16464664/SRR16464664.lite.1		RNA-Seq	cDNA	TRANSCRIPTOMIC	PAIRED	0	0	ILLUMINA	Illumina HiSeq 4000	SRP341882	PRJNA772179		772179	SRS10619993	SAMN22368211	simple	1148	Synechocystis sp. PCC 6803	GSM5629548	thermal	Control_30_1	Control_30_0	BG-11	30.0	chemostat		150 µmol/m2 s (478.0458 mmol/gDW h)	GEO	SRA1312575		public	8355331B39DEEEFA22C69317AEA1DE8F	CA4E56189F1A247E9F60EB7071B64CED			True	True	True		thermal:Control_30_1	True
SRX12668196	SRR16464665	2021-10-21 12:51:13	2021-10-19 22:20:51	11027724	3117792341	11027724	282	1026		https://sra-downloadb.be-md.ncbi.nlm.nih.gov/sos3/sra-pub-zq-24/SRR016/16464/SRR16464665/SRR16464665.lite.1		RNA-Seq	cDNA	TRANSCRIPTOMIC	PAIRED	0	0	ILLUMINA	Illumina HiSeq 4000	SRP341882	PRJNA772179		772179	SRS10619991	SAMN22368212	simple	1148	Synechocystis sp. PCC 6803	GSM5629549	thermal	Control_30_2	Control_30_0	BG-11	30.0	chemostat		150 µmol/m2 s (478.0458 mmol/gDW h)	GEO	SRA1312575		public	E8F1AEB077B989C8439D40923E6C6DE3	F1B3204BBD090FFBFA4DC132E9253960			True	True	True		thermal:Control_30_2	True
SRX12668200	SRR16464669	2021-10-21 12:51:13	2021-10-19 22:31:39	10594567	2968844293	10594567	280	974		https://sra-downloadb.be-md.ncbi.nlm.nih.gov/sos1/sra-pub-zq-38/SRR016/16464/SRR16464669/SRR16464669.lite.1		RNA-Seq	cDNA	TRANSCRIPTOMIC	PAIRED	0	0	ILLUMINA	Illumina HiSeq 4000	SRP341882	PRJNA772179		772179	SRS10619994	SAMN22368216	simple	1148	Synechocystis sp. PCC 6803	GSM5629553	thermal	Control_30_6	Control_30_0	BG-11	30.0	chemostat		150 µmol/m2 s (478.0458 mmol/gDW h)	GEO	SRA1312575		public	DF27ECBB8F3E2357845F43B6093691B9	507D94A25CE84BF09AC63960993D2EFB			True	True	True		thermal:Control_30_6	True
SRX12668201	SRR16464670	2021-10-21 12:51:13	2021-10-19 22:35:59	14417286	4059931259	14417286	281	1330		https://sra-downloadb.be-md.ncbi.nlm.nih.gov/sos4/sra-pub-zq-1/SRR016/16464/SRR16464670/SRR16464670.lite.1		RNA-Seq	cDNA	TRANSCRIPTOMIC	PAIRED	0	0	ILLUMINA	Illumina HiSeq 4000	SRP341882	PRJNA772179		772179	SRS10619997	SAMN22368228	simple	1148	Synechocystis sp. PCC 6803	GSM5629554	thermal	Control_30_7	Control_30_0	BG-11	30.0	chemostat		150 µmol/m2 s (478.0458 mmol/gDW h)	GEO	SRA1312575		public	5EB889634409C170C248254ADBEF576C	980DE787104A609A8920CAD219D7C39D			True	True	True		thermal:Control_30_7	True
SRX12668204	SRR16464672	2021-10-21 12:51:13	2021-10-19 22:46:37	16135627	4475510303	16135627	277	1492		https://sra-downloadb.be-md.ncbi.nlm.nih.gov/sos2/sra-pub-zq-18/SRR016/16464/SRR16464672/SRR16464672.lite.1		RNA-Seq	cDNA	TRANSCRIPTOMIC	PAIRED	0	0	ILLUMINA	Illumina HiSeq 4000	SRP341882	PRJNA772179		772179	SRS10620001	SAMN22368230	simple	1148	Synechocystis sp. PCC 6803	GSM5629556	thermal	Control_30_9	Control_30_0	BG-11	30.0	chemostat		150 µmol/m2 s (478.0458 mmol/gDW h)	GEO	SRA1312575		public	DCCB19FDFEAEFF097BE1A2CFE5EDC1FB	0DDC055BE5615637951DD3D7345F7FD2			True	True	True		thermal:Control_30_9	True
SRX12668207	SRR16464675	2021-10-21 12:51:13	2021-10-19 22:35:20	11242527	3105787951	11242527	276	1020		https://sra-downloadb.be-md.ncbi.nlm.nih.gov/sos4/sra-pub-zq-1/SRR016/16464/SRR16464675/SRR16464675.lite.1		RNA-Seq	cDNA	TRANSCRIPTOMIC	PAIRED	0	0	ILLUMINA	Illumina HiSeq 4000	SRP341882	PRJNA772179		772179	SRS10620003	SAMN22368233	simple	1148	Synechocystis sp. PCC 6803	GSM5629559	thermal	Treatment_30_0	Control_30_0	BG-11	30.0	chemostat		150 µmol/m2 s (478.0458 mmol/gDW h)	GEO	SRA1312575		public	65502892F18EA42321973F14B6F71C1F	BEFEDCEA49BBC9B97DAA6793430B7DC5			True	True	True		thermal:Treatment_30_0	True
SRX12668208	SRR16464676	2021-10-21 12:51:14	2021-10-19 22:41:07	14506471	3991085843	14506471	275	1308		https://sra-downloadb.be-md.ncbi.nlm.nih.gov/sos3/sra-pub-zq-24/SRR016/16464/SRR16464676/SRR16464676.lite.1		RNA-Seq	cDNA	TRANSCRIPTOMIC	PAIRED	0	0	ILLUMINA	Illumina HiSeq 4000	SRP341882	PRJNA772179		772179	SRS10620005	SAMN22368234	simple	1148	Synechocystis sp. PCC 6803	GSM5629560	thermal	Treatment_31.5_1	Control_30_0	BG-11	31.5	chemostat		150 µmol/m2 s (478.0458 mmol/gDW h)	GEO	SRA1312575		public	8CC4CAB71A13B8EAC426376C8E2E7EFD	EE005FC93DE707540807E1E03A8DB16E			True	True	True		thermal:Treatment_31.5_1	True
SRX12668210	SRR16464678	2021-10-21 12:51:14	2021-10-19 22:44:00	17580775	4981734937	17580775	283	1638		https://sra-downloadb.be-md.ncbi.nlm.nih.gov/sos2/sra-pub-zq-18/SRR016/16464/SRR16464678/SRR16464678.lite.1		RNA-Seq	cDNA	TRANSCRIPTOMIC	PAIRED	0	0	ILLUMINA	Illumina HiSeq 4000	SRP341882	PRJNA772179		772179	SRS10620006	SAMN22368236	simple	1148	Synechocystis sp. PCC 6803	GSM5629562	thermal	Treatment_34.5_3	Control_30_0	BG-11	34.5	chemostat		150 µmol/m2 s (478.0458 mmol/gDW h)	GEO	SRA1312575		public	94F5CAB506BD8275A2B1D53E7CF33652	BE276971AB9A9827C2A30386B28574AB			True	True	True		thermal:Treatment_34.5_3	True
SRX12668211	SRR16464679	2021-10-21 12:51:14	2021-10-19 22:35:52	14224338	4030905214	14224338	283	1322		https://sra-downloadb.be-md.ncbi.nlm.nih.gov/sos3/sra-pub-zq-24/SRR016/16464/SRR16464679/SRR16464679.lite.1		RNA-Seq	cDNA	TRANSCRIPTOMIC	PAIRED	0	0	ILLUMINA	Illumina HiSeq 4000	SRP341882	PRJNA772179		772179	SRS10620007	SAMN22368237	simple	1148	Synechocystis sp. PCC 6803	GSM5629563	thermal	Treatment_36_4	Control_30_0	BG-11	36.0	chemostat		150 µmol/m2 s (478.0458 mmol/gDW h)	GEO	SRA1312575		public	FE4A4512A3118852E43279D3282470E3	DCDFCC0F352818071C78FD70BF29A24A			True	True	True		thermal:Treatment_36_4	True
SRX12668212	SRR16464680	2021-10-21 12:51:14	2021-10-19 22:39:24	15337415	4316016388	15337415	281	1417		https://sra-downloadb.be-md.ncbi.nlm.nih.gov/sos3/sra-pub-zq-22/SRR016/16464/SRR16464680/SRR16464680.lite.1		RNA-Seq	cDNA	TRANSCRIPTOMIC	PAIRED	0	0	ILLUMINA	Illumina HiSeq 4000	SRP341882	PRJNA772179		772179	SRS10620008	SAMN22368238	simple	1148	Synechocystis sp. PCC 6803	GSM5629564	thermal	Treatment_37.5_5	Control_30_0	BG-11	37.5	chemostat		150 µmol/m2 s (478.0458 mmol/gDW h)	GEO	SRA1312575		public	98D7166F74F9E06C7772BC86BD6041E1	D918BDFE428AAAFB49C4058D6ED82CD1			True	True	True		thermal:Treatment_37.5_5	True
SRX12668213	SRR16464681	2021-10-21 12:51:14	2021-10-19 22:44:34	14501615	4115004137	14501615	283	1355		https://sra-downloadb.be-md.ncbi.nlm.nih.gov/sos2/sra-pub-zq-20/SRR016/16464/SRR16464681/SRR16464681.lite.1		RNA-Seq	cDNA	TRANSCRIPTOMIC	PAIRED	0	0	ILLUMINA	Illumina HiSeq 4000	SRP341882	PRJNA772179		772179	SRS10620009	SAMN22368239	simple	1148	Synechocystis sp. PCC 6803	GSM5629565	thermal	Treatment_39_6	Control_30_0	BG-11	39.0	chemostat		150 µmol/m2 s (478.0458 mmol/gDW h)	GEO	SRA1312575		public	832E4AC7295440E15F1E3686CBCEFCF5	DACA726FFB04B6DD397E2DFD924B3813			True	True	True		thermal:Treatment_39_6	True
SRX12668214	SRR16464682	2021-10-21 12:51:14	2021-10-19 22:26:50	11357482	3107337458	11357482	273	1020		https://sra-downloadb.be-md.ncbi.nlm.nih.gov/sos4/sra-pub-zq-1/SRR016/16464/SRR16464682/SRR16464682.lite.1		RNA-Seq	cDNA	TRANSCRIPTOMIC	PAIRED	0	0	ILLUMINA	Illumina HiSeq 4000	SRP341882	PRJNA772179		772179	SRS10620010	SAMN22368240	simple	1148	Synechocystis sp. PCC 6803	GSM5629566	thermal	Treatment_40.5_7	Control_30_0	BG-11	40.5	chemostat		150 µmol/m2 s (478.0458 mmol/gDW h)	GEO	SRA1312575		public	FE6AF6995A9D15BB73A0EAD241F8DF55	5384E832E10ABADC206D57D2B0D292F6			True	True	True		thermal:Treatment_40.5_7	True
SRX12668215	SRR16464683	2021-10-21 12:51:14	2021-10-19 22:29:53	12012490	3393947152	12012490	282	1105		https://sra-downloadb.be-md.ncbi.nlm.nih.gov/sos2/sra-pub-zq-20/SRR016/16464/SRR16464683/SRR16464683.lite.1		RNA-Seq	cDNA	TRANSCRIPTOMIC	PAIRED	0	0	ILLUMINA	Illumina HiSeq 4000	SRP341882	PRJNA772179		772179	SRS10620011	SAMN22368241	simple	1148	Synechocystis sp. PCC 6803	GSM5629567	thermal	Treatment_42_8	Control_30_0	BG-11	42.0	chemostat		150 µmol/m2 s (478.0458 mmol/gDW h)	GEO	SRA1312575		public	335B38A48103B0062D4A63FB7B7450A3	0590200257F335F29A1DECDD7D4920CC			True	True	True		thermal:Treatment_42_8	True
SRX12668216	SRR16464684	2021-10-21 12:51:14	2021-10-19 22:24:43	10743913	2963092655	10743913	275	972		https://sra-downloadb.be-md.ncbi.nlm.nih.gov/sos4/sra-pub-zq-1/SRR016/16464/SRR16464684/SRR16464684.lite.1		RNA-Seq	cDNA	TRANSCRIPTOMIC	PAIRED	0	0	ILLUMINA	Illumina HiSeq 4000	SRP341882	PRJNA772179		772179	SRS10620012	SAMN22368242	simple	1148	Synechocystis sp. PCC 6803	GSM5629568	thermal	Treatment_43.5_9	Control_30_0	BG-11	43.5	chemostat		150 µmol/m2 s (478.0458 mmol/gDW h)	GEO	SRA1312575		public	8DBD25675A90CA695FCAC3E7DF94305D	DA4D99C9A529EC3563F0B077E6780424			True	True	True		thermal:Treatment_43.5_9	True
SRX12668217	SRR16464685	2021-10-21 12:51:14	2021-10-19 22:33:08	14637732	4125366697	14637732	281	1351		https://sra-downloadb.be-md.ncbi.nlm.nih.gov/sos2/sra-pub-zq-20/SRR016/16464/SRR16464685/SRR16464685.lite.1		RNA-Seq	cDNA	TRANSCRIPTOMIC	PAIRED	0	0	ILLUMINA	Illumina HiSeq 4000	SRP341882	PRJNA772179		772179	SRS10620013	SAMN22368243	simple	1148	Synechocystis sp. PCC 6803	GSM5629569	thermal	Treatment_45_10	Control_30_0	BG-11	45.0	chemostat		150 µmol/m2 s (478.0458 mmol/gDW h)	GEO	SRA1312575		public	18AA2EA1D243C9A274F5164003ED5F40	56BE174DEB20A089EB9C23BEC6AB6864			True	True	True		thermal:Treatment_45_10	True
SRX12668219	SRR16464687	2021-10-21 12:51:14	2021-10-19 22:22:09	7971116	2262016702	7971116	283	736		https://sra-downloadb.be-md.ncbi.nlm.nih.gov/sos4/sra-pub-zq-1/SRR016/16464/SRR16464687/SRR16464687.lite.1		RNA-Seq	cDNA	TRANSCRIPTOMIC	PAIRED	0	0	ILLUMINA	Illumina HiSeq 4000	SRP341882	PRJNA772179		772179	SRS10620014	SAMN22368251	simple	1148	Synechocystis sp. PCC 6803	GSM5629571	thermal	Treatment_30_0	Control_30_0	BG-11	30.0	chemostat		150 µmol/m2 s (478.0458 mmol/gDW h)	GEO	SRA1312575		public	CD49E586B2CD8102182B758ED2590802	F60FCCF061D21584A659479C2D857A80			True	True	True		thermal:Treatment_30_0	True
SRX12668220	SRR16464688	2021-10-21 12:51:14	2021-10-19 23:14:05	12593375	3551298767	12593375	281	1162		https://sra-downloadb.be-md.ncbi.nlm.nih.gov/sos1/sra-pub-zq-38/SRR016/16464/SRR16464688/SRR16464688.lite.1		RNA-Seq	cDNA	TRANSCRIPTOMIC	PAIRED	0	0	ILLUMINA	Illumina HiSeq 4000	SRP341882	PRJNA772179		772179	SRS10620017	SAMN22368252	simple	1148	Synechocystis sp. PCC 6803	GSM5629572	thermal	Treatment_31.5_1	Control_30_0	BG-11	31.5	chemostat		150 µmol/m2 s (478.0458 mmol/gDW h)	GEO	SRA1312575		public	316D1619D37157ED10BE5612DBEDB647	D81AF53D9ACE5A3A398E2215240D88EA			True	True	True		thermal:Treatment_31.5_1	True
SRX12668222	SRR16464690	2021-10-21 12:51:14	2021-10-19 23:09:51	13430668	3747393943	13430668	279	1212		https://sra-downloadb.be-md.ncbi.nlm.nih.gov/sos4/sra-pub-zq-1/SRR016/16464/SRR16464690/SRR16464690.lite.1		RNA-Seq	cDNA	TRANSCRIPTOMIC	PAIRED	0	0	ILLUMINA	Illumina HiSeq 4000	SRP341882	PRJNA772179		772179	SRS10620019	SAMN22368246	simple	1148	Synechocystis sp. PCC 6803	GSM5629574	thermal	Treatment_34.5_3	Control_30_0	BG-11	34.5	chemostat		150 µmol/m2 s (478.0458 mmol/gDW h)	GEO	SRA1312575		public	164094AAF59690E85C247F9B716FA28E	5F979C75FEC961B01C2A5E6AE25E6510			True	True	True		thermal:Treatment_34.5_3	True
SRX12668223	SRR16464691	2021-10-21 12:51:14	2021-10-19 22:23:54	11756300	3252036418	11756300	276	1057		https://sra-downloadb.be-md.ncbi.nlm.nih.gov/sos2/sra-pub-zq-20/SRR016/16464/SRR16464691/SRR16464691.lite.1		RNA-Seq	cDNA	TRANSCRIPTOMIC	PAIRED	0	0	ILLUMINA	Illumina HiSeq 4000	SRP341882	PRJNA772179		772179	SRS10620018	SAMN22368247	simple	1148	Synechocystis sp. PCC 6803	GSM5629575	thermal	Treatment_36_4	Control_30_0	BG-11	36.0	chemostat		150 µmol/m2 s (478.0458 mmol/gDW h)	GEO	SRA1312575		public	BB1F0D1BB71FA21FD7F7DCBA759B02EE	2E10050309AA75A6D94EBF2625B8A2E7			True	True	True		thermal:Treatment_36_4	True
SRX12668225	SRR16464693	2021-10-21 12:51:14	2021-10-20 03:50:42	9346955	2634197221	9346955	281	857		https://sra-downloadb.be-md.ncbi.nlm.nih.gov/sos3/sra-pub-zq-24/SRR016/16464/SRR16464693/SRR16464693.lite.1		RNA-Seq	cDNA	TRANSCRIPTOMIC	PAIRED	0	0	ILLUMINA	Illumina HiSeq 4000	SRP341882	PRJNA772179		772179	SRS10620021	SAMN22368249	simple	1148	Synechocystis sp. PCC 6803	GSM5629577	thermal	Treatment_39_6	Control_30_0	BG-11	39.0	chemostat		150 µmol/m2 s (478.0458 mmol/gDW h)	GEO	SRA1312575		public	7F5C9C1A6713F92C80B5386E29B7B980	C2E1FFE939AB2AB87731AFCF742B9678			True	True	True		thermal:Treatment_39_6	True
SRX12668226	SRR16464694	2021-10-21 12:51:14	2021-10-19 22:24:43	6156555	1743365980	6156555	283	565		https://sra-downloadb.be-md.ncbi.nlm.nih.gov/sos2/sra-pub-zq-20/SRR016/16464/SRR16464694/SRR16464694.lite.1		RNA-Seq	cDNA	TRANSCRIPTOMIC	PAIRED	0	0	ILLUMINA	Illumina HiSeq 4000	SRP341882	PRJNA772179		772179	SRS10620022	SAMN22368250	simple	1148	Synechocystis sp. PCC 6803	GSM5629578	thermal	Treatment_40.5_7	Control_30_0	BG-11	40.5	chemostat		150 µmol/m2 s (478.0458 mmol/gDW h)	GEO	SRA1312575		public	8629F13DA15C9533E440539625520224	6F0EFE742430EDCBD68429442560F4B4			True	True	True		thermal:Treatment_40.5_7	True
SRX12668227	SRR16464695	2021-10-21 12:51:14	2021-10-19 22:48:36	10613495	3013201065	10613495	283	984		https://sra-downloadb.be-md.ncbi.nlm.nih.gov/sos2/sra-pub-zq-18/SRR016/16464/SRR16464695/SRR16464695.lite.1		RNA-Seq	cDNA	TRANSCRIPTOMIC	PAIRED	0	0	ILLUMINA	Illumina HiSeq 4000	SRP341882	PRJNA772179		772179	SRS10620024	SAMN22368253	simple	1148	Synechocystis sp. PCC 6803	GSM5629579	thermal	Treatment_42_8	Control_30_0	BG-11	42.0	chemostat		150 µmol/m2 s (478.0458 mmol/gDW h)	GEO	SRA1312575		public	7709BC9F0DE8A8ABB9B2E3E4F3EF2A4B	509DAE55EA8742087D7DCA61711DF412			True	True	True		thermal:Treatment_42_8	True
SRX12668228	SRR16464696	2021-10-21 12:51:14	2021-10-19 22:26:31	11579776	3281028117	11579776	283	1071		https://sra-downloadb.be-md.ncbi.nlm.nih.gov/sos1/sra-pub-zq-38/SRR016/16464/SRR16464696/SRR16464696.lite.1		RNA-Seq	cDNA	TRANSCRIPTOMIC	PAIRED	0	0	ILLUMINA	Illumina HiSeq 4000	SRP341882	PRJNA772179		772179	SRS10620023	SAMN22368254	simple	1148	Synechocystis sp. PCC 6803	GSM5629580	thermal	Treatment_43.5_9	Control_30_0	BG-11	43.5	chemostat		150 µmol/m2 s (478.0458 mmol/gDW h)	GEO	SRA1312575		public	FD4474CCD8A9806588BAE5C57A8E8873	56DAE718501435B821E4E04394C0097E			True	True	True		thermal:Treatment_43.5_9	True
SRX12668229	SRR16464697	2021-10-21 12:51:14	2021-10-19 22:28:32	10970596	3070461425	10970596	279	998		https://sra-downloadb.be-md.ncbi.nlm.nih.gov/sos3/sra-pub-zq-22/SRR016/16464/SRR16464697/SRR16464697.lite.1		RNA-Seq	cDNA	TRANSCRIPTOMIC	PAIRED	0	0	ILLUMINA	Illumina HiSeq 4000	SRP341882	PRJNA772179		772179	SRS10620026	SAMN22368255	simple	1148	Synechocystis sp. PCC 6803	GSM5629581	thermal	Treatment_45_10	Control_30_0	BG-11	45.0	chemostat		150 µmol/m2 s (478.0458 mmol/gDW h)	GEO	SRA1312575		public	9965D6DC344D55F4AFB32A2425C6F96B	2E33CC08508D0D820039AE2C12A237D5			True	True	True		thermal:Treatment_45_10	True
SRX12668231	SRR16464699	2021-10-21 12:51:14	2021-10-19 22:42:00	14702996	4149360204	14702996	282	1340		https://sra-downloadb.be-md.ncbi.nlm.nih.gov/sos2/sra-pub-zq-18/SRR016/16464/SRR16464699/SRR16464699.lite.1		RNA-Seq	cDNA	TRANSCRIPTOMIC	PAIRED	0	0	ILLUMINA	Illumina HiSeq 4000	SRP341882	PRJNA772179		772179	SRS10620028	SAMN22368257	simple	1148	Synechocystis sp. PCC 6803	GSM5629583	thermal	Treatment_30_0	Control_30_0	BG-11	30.0	chemostat		150 µmol/m2 s (478.0458 mmol/gDW h)	GEO	SRA1312575		public	80D8992C7385926A0C36C657C293FE40	47FBC8C621B18C9F042BAAD78446369C			True	True	True		thermal:Treatment_30_0	True
SRX12668232	SRR16464700	2021-10-21 12:51:14	2021-10-19 22:16:14	9893458	2786050862	9893458	281	906		https://sra-downloadb.be-md.ncbi.nlm.nih.gov/sos1/sra-pub-zq-38/SRR016/16464/SRR16464700/SRR16464700.lite.1		RNA-Seq	cDNA	TRANSCRIPTOMIC	PAIRED	0	0	ILLUMINA	Illumina HiSeq 4000	SRP341882	PRJNA772179		772179	SRS10620027	SAMN22368217	simple	1148	Synechocystis sp. PCC 6803	GSM5629584	thermal	Treatment_31.5_1	Control_30_0	BG-11	31.5	chemostat		150 µmol/m2 s (478.0458 mmol/gDW h)	GEO	SRA1312575		public	6E8E968F9F67DD90E4F2BCE1334D112D	84B5AD2E553D115DC38476EFD8D17F55			True	True	True		thermal:Treatment_31.5_1	True
SRX12668234	SRR16464702	2021-10-21 12:51:14	2021-10-19 22:35:59	12336621	3473099670	12336621	281	1125		https://sra-downloadb.be-md.ncbi.nlm.nih.gov/sos2/sra-pub-zq-20/SRR016/16464/SRR16464702/SRR16464702.lite.1		RNA-Seq	cDNA	TRANSCRIPTOMIC	PAIRED	0	0	ILLUMINA	Illumina HiSeq 4000	SRP341882	PRJNA772179		772179	SRS10620031	SAMN22368219	simple	1148	Synechocystis sp. PCC 6803	GSM5629586	thermal	Treatment_34.5_3	Control_30_0	BG-11	34.5	chemostat		150 µmol/m2 s (478.0458 mmol/gDW h)	GEO	SRA1312575		public	92E50D44F37AF439F8137CCBF1BCF51A	C087CA11DA2772A1224513BE37AB8BC0			True	True	True		thermal:Treatment_34.5_3	True
SRX12668235	SRR16464703	2021-10-21 12:51:14	2021-10-19 22:26:59	11519130	3246784395	11519130	281	1058		https://sra-downloadb.be-md.ncbi.nlm.nih.gov/sos2/sra-pub-zq-20/SRR016/16464/SRR16464703/SRR16464703.lite.1		RNA-Seq	cDNA	TRANSCRIPTOMIC	PAIRED	0	0	ILLUMINA	Illumina HiSeq 4000	SRP341882	PRJNA772179		772179	SRS10620030	SAMN22368220	simple	1148	Synechocystis sp. PCC 6803	GSM5629587	thermal	Treatment_36_4	Control_30_0	BG-11	36.0	chemostat		150 µmol/m2 s (478.0458 mmol/gDW h)	GEO	SRA1312575		public	94354FC72FAA7354B84102FDA240561B	F691D4D65DAE4D6CB95EDAEBD339CF97			True	True	True		thermal:Treatment_36_4	True
SRX12668236	SRR16464704	2021-10-21 12:51:14	2021-10-19 22:20:16	11613985	3275787195	11613985	282	1080		https://sra-downloadb.be-md.ncbi.nlm.nih.gov/sos2/sra-pub-zq-18/SRR016/16464/SRR16464704/SRR16464704.lite.1		RNA-Seq	cDNA	TRANSCRIPTOMIC	PAIRED	0	0	ILLUMINA	Illumina HiSeq 4000	SRP341882	PRJNA772179		772179	SRS10620032	SAMN22368221	simple	1148	Synechocystis sp. PCC 6803	GSM5629588	thermal	Treatment_37.5_5	Control_30_0	BG-11	37.5	chemostat		150 µmol/m2 s (478.0458 mmol/gDW h)	GEO	SRA1312575		public	5DDE1534EFB892F6F0DD0FCBF11FDF57	6D6AB9A50C0E4646D6F2CC7A6F739BB0			True	True	True		thermal:Treatment_37.5_5	True
SRX12668237	SRR16464705	2021-10-21 12:51:14	2021-10-19 22:18:48	9773527	2722798878	9773527	278	894		https://sra-downloadb.be-md.ncbi.nlm.nih.gov/sos3/sra-pub-zq-24/SRR016/16464/SRR16464705/SRR16464705.lite.1		RNA-Seq	cDNA	TRANSCRIPTOMIC	PAIRED	0	0	ILLUMINA	Illumina HiSeq 4000	SRP341882	PRJNA772179		772179	SRS10620034	SAMN22368222	simple	1148	Synechocystis sp. PCC 6803	GSM5629589	thermal	Treatment_39_6	Control_30_0	BG-11	39.0	chemostat		150 µmol/m2 s (478.0458 mmol/gDW h)	GEO	SRA1312575		public	6B7E8370DD5ACE2E9ACD02A709D5D1ED	E7744DE78F154C82E735F10502ACF07C			True	True	True		thermal:Treatment_39_6	True
SRX12668239	SRR16464707	2021-10-21 12:51:14	2021-10-19 22:31:50	10083060	2779299480	10083060	275	909		https://sra-downloadb.be-md.ncbi.nlm.nih.gov/sos3/sra-pub-zq-24/SRR016/16464/SRR16464707/SRR16464707.lite.1		RNA-Seq	cDNA	TRANSCRIPTOMIC	PAIRED	0	0	ILLUMINA	Illumina HiSeq 4000	SRP341882	PRJNA772179		772179	SRS10620035	SAMN22368224	simple	1148	Synechocystis sp. PCC 6803	GSM5629591	thermal	Treatment_42_8	Control_30_0	BG-11	42.0	chemostat		150 µmol/m2 s (478.0458 mmol/gDW h)	GEO	SRA1312575		public	54E061D91D10DFF3CF30661380B8CE1F	0B4DD6BEBD0B71003D09850670CF60E6			True	True	True		thermal:Treatment_42_8	True
SRX12668240	SRR16464708	2021-10-21 12:51:14	2021-10-19 22:36:18	12333374	3412228435	12333374	276	1113		https://sra-downloadb.be-md.ncbi.nlm.nih.gov/sos3/sra-pub-zq-24/SRR016/16464/SRR16464708/SRR16464708.lite.1		RNA-Seq	cDNA	TRANSCRIPTOMIC	PAIRED	0	0	ILLUMINA	Illumina HiSeq 4000	SRP341882	PRJNA772179		772179	SRS10620036	SAMN22368225	simple	1148	Synechocystis sp. PCC 6803	GSM5629592	thermal	Treatment_43.5_9	Control_30_0	BG-11	43.5	chemostat		150 µmol/m2 s (478.0458 mmol/gDW h)	GEO	SRA1312575		public	9C292A1914C581F0E34953D1B0FC7666	0037FA967036D2403B390BACD2BB5A7B			True	True	True		thermal:Treatment_43.5_9	True
SRX12668241	SRR16464709	2021-10-21 12:51:15	2021-10-19 22:21:42	11028781	3093139047	11028781	280	1007		https://sra-downloadb.be-md.ncbi.nlm.nih.gov/sos3/sra-pub-zq-24/SRR016/16464/SRR16464709/SRR16464709.lite.1		RNA-Seq	cDNA	TRANSCRIPTOMIC	PAIRED	0	0	ILLUMINA	Illumina HiSeq 4000	SRP341882	PRJNA772179		772179	SRS10620037	SAMN22368226	simple	1148	Synechocystis sp. PCC 6803	GSM5629593	thermal	Treatment_45_10	Control_30_0	BG-11	45.0	chemostat		150 µmol/m2 s (478.0458 mmol/gDW h)	GEO	SRA1312575		public	16A4C25E3D0AFFBA5ABC32C559AEBCFC	D479E43D9E0C44EA9EC216FAD00032F4			True	True	True		thermal:Treatment_45_10	True
SRX2492746	SRR5176531	2018-03-09 16:58:18	2017-01-13 13:56:02	21166775	1587508125	0	75	546		https://sra-downloadb.be-md.ncbi.nlm.nih.gov/sos5/sra-pub-zq-14/SRR005/176/SRR5176531.sralite.1		RNA-Seq	cDNA	TRANSCRIPTOMIC	SINGLE	0	0	ILLUMINA	NextSeq 500	SRP096747	PRJNA361291	3.0	361291	SRS1922317	SAMN06229935	simple	1148	Synechocystis sp. PCC 6803	GSM2458778	ethylene	Air	Air	BG-11	28.0	chemostat	CuSO4 (100 nM)	30 μmol/m2 s (95.609 mmol/gDW h)	GEO	SRA527226		public	9B0281CECBB95ECFCE73043F2E198395	E7A8920173A5F423849C9F8B9A776F73			True	True	True	https://www.ncbi.nlm.nih.gov/pmc/articles/PMC6508509/	ethylene:Air	True
SRX2492747	SRR5176532	2018-03-09 16:58:18	2017-01-13 13:56:46	23114903	1733617725	0	75	595		https://sra-downloadb.be-md.ncbi.nlm.nih.gov/sos5/sra-pub-zq-14/SRR005/176/SRR5176532.sralite.1		RNA-Seq	cDNA	TRANSCRIPTOMIC	SINGLE	0	0	ILLUMINA	NextSeq 500	SRP096747	PRJNA361291	3.0	361291	SRS1922318	SAMN06229934	simple	1148	Synechocystis sp. PCC 6803	GSM2458779	ethylene	Air	Air	BG-11	28.0	chemostat	CuSO4 (100 nM)	30 μmol/m2 s (95.609 mmol/gDW h)	GEO	SRA527226		public	5E7E9BBACF592C9310C36B8046915088	D17A82576247BC0C5BA8322D019FBA3E			True	True	True	https://www.ncbi.nlm.nih.gov/pmc/articles/PMC6508509/	ethylene:Air	True
SRX2492748	SRR5176533	2018-03-09 16:58:18	2017-01-13 13:55:26	20021383	1501603725	0	75	514		https://sra-downloadb.be-md.ncbi.nlm.nih.gov/sos5/sra-pub-zq-14/SRR005/176/SRR5176533.sralite.1		RNA-Seq	cDNA	TRANSCRIPTOMIC	SINGLE	0	0	ILLUMINA	NextSeq 500	SRP096747	PRJNA361291	3.0	361291	SRS1922319	SAMN06229933	simple	1148	Synechocystis sp. PCC 6803	GSM2458780	ethylene	Air	Air	BG-11	28.0	chemostat	CuSO4 (100 nM)	30 μmol/m2 s (95.609 mmol/gDW h)	GEO	SRA527226		public	2A919873029A2DE220A8805A8F81B509	27760C007B04F4B96B36F37AE28B1CBE			True	True	True	https://www.ncbi.nlm.nih.gov/pmc/articles/PMC6508509/	ethylene:Air	True
SRX2492749	SRR5176534	2018-03-09 16:58:18	2017-01-13 13:56:34	22169239	1662692925	0	75	566		https://sra-downloadb.be-md.ncbi.nlm.nih.gov/sos5/sra-pub-zq-14/SRR005/176/SRR5176534.sralite.1		RNA-Seq	cDNA	TRANSCRIPTOMIC	SINGLE	0	0	ILLUMINA	NextSeq 500	SRP096747	PRJNA361291	3.0	361291	SRS1922320	SAMN06229932	simple	1148	Synechocystis sp. PCC 6803	GSM2458781	ethylene	Ethylene	Air	BG-11	28.0	chemostat	CuSO4 (100 nM)	30 μmol/m2 s (95.609 mmol/gDW h)	GEO	SRA527226		public	0E443A1B9ABBD11A64CC5653E0782164	2A9B8040517300D47F80BF8E53E6C96B			True	True	True	https://www.ncbi.nlm.nih.gov/pmc/articles/PMC6508509/	ethylene:Ethylene	True
SRX2492750	SRR5176535	2018-03-09 16:58:18	2017-01-13 13:54:53	19823928	1486794600	0	75	510		https://sra-downloadb.be-md.ncbi.nlm.nih.gov/sos5/sra-pub-zq-14/SRR005/176/SRR5176535.sralite.1		RNA-Seq	cDNA	TRANSCRIPTOMIC	SINGLE	0	0	ILLUMINA	NextSeq 500	SRP096747	PRJNA361291	3.0	361291	SRS1922321	SAMN06229931	simple	1148	Synechocystis sp. PCC 6803	GSM2458782	ethylene	Ethylene	Air	BG-11	28.0	chemostat	CuSO4 (100 nM)	30 μmol/m2 s (95.609 mmol/gDW h)	GEO	SRA527226		public	3A531F82652E9949E131F96F762B2539	130C3118A2936524D5D04F68D37965E5			True	True	True	https://www.ncbi.nlm.nih.gov/pmc/articles/PMC6508509/	ethylene:Ethylene	True
SRX2492751	SRR5176536	2018-03-09 16:58:18	2017-01-13 13:55:55	20682221	1551166575	0	75	530		https://sra-downloadb.be-md.ncbi.nlm.nih.gov/sos5/sra-pub-zq-14/SRR005/176/SRR5176536.sralite.1		RNA-Seq	cDNA	TRANSCRIPTOMIC	SINGLE	0	0	ILLUMINA	NextSeq 500	SRP096747	PRJNA361291	3.0	361291	SRS1922322	SAMN06229930	simple	1148	Synechocystis sp. PCC 6803	GSM2458783	ethylene	Ethylene	Air	BG-11	28.0	chemostat	CuSO4 (100 nM)	30 μmol/m2 s (95.609 mmol/gDW h)	GEO	SRA527226		public	30C0155B9291E846FEF01994B113B389	5DABD956F7C465EF16649235FC2DB1FD			True	True	True	https://www.ncbi.nlm.nih.gov/pmc/articles/PMC6508509/	ethylene:Ethylene	True
SRX8102890	SRR11531846	2020-04-13 06:12:16	2020-04-13 06:08:15	19267901	5770704230	19267901	299	1971		https://sra-downloadb.be-md.ncbi.nlm.nih.gov/sos3/sra-pub-zq-22/SRR011/531/SRR11531846.sralite.1	6803_0h_1	RNA-Seq	cDNA	TRANSCRIPTOMIC	PAIRED	0	0	ILLUMINA	Illumina HiSeq 2000	SRP256110	PRJNA624961		624961	SRS6468672	SAMN14589710	simple	1148	Synechocystis sp. PCC 6803	6803_0h_1	iron_depletion_oxidative_stress	no_Fe_24h	no_Fe_24h	BG-11	30.0	chemostat		40 μmol/m2 s (127,479 mmol/gDW h)	HUAZHONG AGRICULTURAL UNIVERSITY	SRA1064753		public	A8BBBBFDED2340CADCAD67E86CB1C258	6CA38C1A859560615511B4C27A8F9A3F			True	True	True	https://www.ncbi.nlm.nih.gov/pmc/articles/PMC7301839/	iron_depletion_oxidative_stress:no_Fe_24h	True
SRX8102891	SRR11531845	2020-04-13 06:12:16	2020-04-13 06:08:43	15519984	4657351912	15519984	300	1594		https://sra-downloadb.be-md.ncbi.nlm.nih.gov/sos3/sra-pub-zq-22/SRR011/531/SRR11531845.sralite.1	6803_0h_2	RNA-Seq	cDNA	TRANSCRIPTOMIC	PAIRED	0	0	ILLUMINA	Illumina HiSeq 2000	SRP256110	PRJNA624961		624961	SRS6468673	SAMN14589711	simple	1148	Synechocystis sp. PCC 6803	6803_0h_2	iron_depletion_oxidative_stress	no_Fe_24h	no_Fe_24h	BG-11	30.0	chemostat		40 μmol/m2 s (127,479 mmol/gDW h)	HUAZHONG AGRICULTURAL UNIVERSITY	SRA1064753		public	0EFE953103AB72A2157B023B73DDE90D	C620F44636016A303AF761B22ECED6A3			True	True	True	https://www.ncbi.nlm.nih.gov/pmc/articles/PMC7301839/	iron_depletion_oxidative_stress:no_Fe_24h	True
SRX8102892	SRR11531844	2020-04-13 06:13:35	2020-04-13 06:11:44	15484020	4643006198	15484020	299	1565		https://sra-downloadb.be-md.ncbi.nlm.nih.gov/sos3/sra-pub-zq-22/SRR011/531/SRR11531844.sralite.1	M0247_4h_2	RNA-Seq	cDNA	TRANSCRIPTOMIC	PAIRED	0	0	ILLUMINA	Illumina HiSeq 2000	SRP256110	PRJNA624961		624961	SRS6468674	SAMN14589726	simple	1148	Synechocystis sp. PCC 6803	M0247_4h_2	iron_depletion_oxidative_stress	IsiA_del_no_Fe_28h_mv	no_Fe_24h	BG-11	30.0	chemostat	methyl viologen (5 μM)	40 μmol/m2 s (127,479 mmol/gDW h)	HUAZHONG AGRICULTURAL UNIVERSITY	SRA1064753		public	81573944250BF880E2C761512E17A790	EF34899F97C3283501DC877042509ED6			True	True	True	https://www.ncbi.nlm.nih.gov/pmc/articles/PMC7301839/	iron_depletion_oxidative_stress:IsiA_del_no_Fe_28h_mv	True
SRX8102893	SRR11531843	2020-04-13 06:11:13	2020-04-13 06:06:43	13631320	4105822064	13631320	301	1393		https://sra-downloadb.be-md.ncbi.nlm.nih.gov/sos3/sra-pub-zq-22/SRR011/531/SRR11531843.sralite.1	M0247_4h_3	RNA-Seq	cDNA	TRANSCRIPTOMIC	PAIRED	0	0	ILLUMINA	Illumina HiSeq 2000	SRP256110	PRJNA624961		624961	SRS6468675	SAMN14589727	simple	1148	Synechocystis sp. PCC 6803	M0247_4h_3	iron_depletion_oxidative_stress	IsiA_del_no_Fe_28h_mv	no_Fe_24h	BG-11	30.0	chemostat	methyl viologen (5 μM)	40 μmol/m2 s (127,479 mmol/gDW h)	HUAZHONG AGRICULTURAL UNIVERSITY	SRA1064753		public	C1FC8CA8C60491F5BF0AF1292F39FB9E	E8F4012AF41217C2BD04A7C9128B2883			True	True	True	https://www.ncbi.nlm.nih.gov/pmc/articles/PMC7301839/	iron_depletion_oxidative_stress:IsiA_del_no_Fe_28h_mv	True
SRX8102894	SRR11531842	2020-04-13 06:11:14	2020-04-13 06:07:30	14637815	4393010694	14637815	300	1495		https://sra-downloadb.be-md.ncbi.nlm.nih.gov/sos3/sra-pub-zq-22/SRR011/531/SRR11531842.sralite.1	6803_0h_3	RNA-Seq	cDNA	TRANSCRIPTOMIC	PAIRED	0	0	ILLUMINA	Illumina HiSeq 2000	SRP256110	PRJNA624961		624961	SRS6468676	SAMN14589712	simple	1148	Synechocystis sp. PCC 6803	6803_0h_3	iron_depletion_oxidative_stress	no_Fe_24h	no_Fe_24h	BG-11	30.0	chemostat		40 μmol/m2 s (127,479 mmol/gDW h)	HUAZHONG AGRICULTURAL UNIVERSITY	SRA1064753		public	55A437CF7E156863AABAC2BBCB3378A8	14FADE6BA5EA0DDD43B35B69CD8F19DE			True	True	True	https://www.ncbi.nlm.nih.gov/pmc/articles/PMC7301839/	iron_depletion_oxidative_stress:no_Fe_24h	True
SRX8102895	SRR11531841	2020-04-13 06:12:16	2020-04-13 06:07:52	13359650	4006009746	13359650	299	1358		https://sra-downloadb.be-md.ncbi.nlm.nih.gov/sos3/sra-pub-zq-22/SRR011/531/SRR11531841.sralite.1	6803_4h_1	RNA-Seq	cDNA	TRANSCRIPTOMIC	PAIRED	0	0	ILLUMINA	Illumina HiSeq 2000	SRP256110	PRJNA624961		624961	SRS6468677	SAMN14589713	simple	1148	Synechocystis sp. PCC 6803	6803_4h_1	iron_depletion_oxidative_stress	no_Fe_28h_mv	no_Fe_24h	BG-11	30.0	chemostat	methyl viologen (5 μM)	40 μmol/m2 s (127,479 mmol/gDW h)	HUAZHONG AGRICULTURAL UNIVERSITY	SRA1064753		public	908F0E2C38D5CDC66C1F670B1F05D685	9853976F4E5A5D1CB97DE4B6FEFDC594			True	True	True	https://www.ncbi.nlm.nih.gov/pmc/articles/PMC7301839/	iron_depletion_oxidative_stress:no_Fe_28h_mv	True
SRX8102896	SRR11531840	2020-04-13 06:13:36	2020-04-13 06:11:54	16636442	4992160654	16636442	300	1712		https://sra-downloadb.be-md.ncbi.nlm.nih.gov/sos3/sra-pub-zq-22/SRR011/531/SRR11531840.sralite.1	6803_4h_2	RNA-Seq	cDNA	TRANSCRIPTOMIC	PAIRED	0	0	ILLUMINA	Illumina HiSeq 2000	SRP256110	PRJNA624961		624961	SRS6468678	SAMN14589714	simple	1148	Synechocystis sp. PCC 6803	6803_4h_2	iron_depletion_oxidative_stress	no_Fe_28h_mv	no_Fe_24h	BG-11	30.0	chemostat	methyl viologen (5 μM)	40 μmol/m2 s (127,479 mmol/gDW h)	HUAZHONG AGRICULTURAL UNIVERSITY	SRA1064753		public	AAD617188C03A3F23D3B13052FAB412C	D4322FA6D7FC9F36EF85CCEA39E9B47A			True	True	True	https://www.ncbi.nlm.nih.gov/pmc/articles/PMC7301839/	iron_depletion_oxidative_stress:no_Fe_28h_mv	True
SRX8102897	SRR11531839	2020-04-13 06:18:15	2020-04-13 06:15:53	14579729	4374357208	14579729	300	1485		https://sra-downloadb.be-md.ncbi.nlm.nih.gov/sos3/sra-pub-zq-22/SRR011/531/SRR11531839.sralite.1	6803_4h_3	RNA-Seq	cDNA	TRANSCRIPTOMIC	PAIRED	0	0	ILLUMINA	Illumina HiSeq 2000	SRP256110	PRJNA624961		624961	SRS6468679	SAMN14589715	simple	1148	Synechocystis sp. PCC 6803	6803_4h_3	iron_depletion_oxidative_stress	no_Fe_28h_mv	no_Fe_24h	BG-11	30.0	chemostat	methyl viologen (5 μM)	40 μmol/m2 s (127,479 mmol/gDW h)	HUAZHONG AGRICULTURAL UNIVERSITY	SRA1064753		public	308587A875FC20EEB80546208E92C88F	E89B8B2DFA070D88F323D6BB87B99B18			True	True	True	https://www.ncbi.nlm.nih.gov/pmc/articles/PMC7301839/	iron_depletion_oxidative_stress:no_Fe_28h_mv	True
SRX8102898	SRR11531838	2020-04-13 06:13:36	2020-04-13 06:11:27	17350936	5200374610	17350936	299	1784		https://sra-downloadb.be-md.ncbi.nlm.nih.gov/sos3/sra-pub-zq-22/SRR011/531/SRR11531838.sralite.1	M0247_0h_1	RNA-Seq	cDNA	TRANSCRIPTOMIC	PAIRED	0	0	ILLUMINA	Illumina HiSeq 2000	SRP256110	PRJNA624961		624961	SRS6468680	SAMN14589717	simple	1148	Synechocystis sp. PCC 6803	M0247_0h_1	iron_depletion_oxidative_stress	IsiA_del_no_Fe_24h	no_Fe_24h	BG-11	30.0	chemostat		40 μmol/m2 s (127,479 mmol/gDW h)	HUAZHONG AGRICULTURAL UNIVERSITY	SRA1064753		public	AB7ABA63CBA103A8B62CC1E97F495CC2	D4555264382BEA11F82EB25132094399			True	True	True	https://www.ncbi.nlm.nih.gov/pmc/articles/PMC7301839/	iron_depletion_oxidative_stress:IsiA_del_no_Fe_24h	True
SRX8102899	SRR11531837	2020-04-13 06:14:19	2020-04-13 06:11:58	17641612	5294077578	17641612	300	1806		https://sra-downloadb.be-md.ncbi.nlm.nih.gov/sos3/sra-pub-zq-22/SRR011/531/SRR11531837.sralite.1	M0247_0h_2	RNA-Seq	cDNA	TRANSCRIPTOMIC	PAIRED	0	0	ILLUMINA	Illumina HiSeq 2000	SRP256110	PRJNA624961		624961	SRS6468681	SAMN14589718	simple	1148	Synechocystis sp. PCC 6803	M0247_0h_2	iron_depletion_oxidative_stress	IsiA_del_no_Fe_24h	no_Fe_24h	BG-11	30.0	chemostat		40 μmol/m2 s (127,479 mmol/gDW h)	HUAZHONG AGRICULTURAL UNIVERSITY	SRA1064753		public	EC9A225412132D7920D37500F199C734	63AA21C67FDDD03828994AFDB51123D2			True	True	True	https://www.ncbi.nlm.nih.gov/pmc/articles/PMC7301839/	iron_depletion_oxidative_stress:IsiA_del_no_Fe_24h	True
SRX8102900	SRR11531836	2020-04-13 06:14:19	2020-04-13 06:12:33	18409635	5518001000	18409635	299	1871		https://sra-downloadb.be-md.ncbi.nlm.nih.gov/sos3/sra-pub-zq-22/SRR011/531/SRR11531836.sralite.1	M0247_0h_3	RNA-Seq	cDNA	TRANSCRIPTOMIC	PAIRED	0	0	ILLUMINA	Illumina HiSeq 2000	SRP256110	PRJNA624961		624961	SRS6468682	SAMN14589719	simple	1148	Synechocystis sp. PCC 6803	M0247_0h_3	iron_depletion_oxidative_stress	IsiA_del_no_Fe_24h	no_Fe_24h	BG-11	30.0	chemostat		40 μmol/m2 s (127,479 mmol/gDW h)	HUAZHONG AGRICULTURAL UNIVERSITY	SRA1064753		public	AD76224BC40E148CD694033176A1B637	ACA3CAFF08ECC39A04FAD7EC78570366			True	True	True	https://www.ncbi.nlm.nih.gov/pmc/articles/PMC7301839/	iron_depletion_oxidative_stress:IsiA_del_no_Fe_24h	True
SRX8102901	SRR11531835	2020-04-13 06:12:16	2020-04-13 06:08:40	14762165	4430309464	14762165	300	1513		https://sra-downloadb.be-md.ncbi.nlm.nih.gov/sos3/sra-pub-zq-22/SRR011/531/SRR11531835.sralite.1	M0247_4h_1	RNA-Seq	cDNA	TRANSCRIPTOMIC	PAIRED	0	0	ILLUMINA	Illumina HiSeq 2000	SRP256110	PRJNA624961		624961	SRS6468683	SAMN14589725	simple	1148	Synechocystis sp. PCC 6803	M0247_4h_1	iron_depletion_oxidative_stress	IsiA_del_no_Fe_28h_mv	no_Fe_24h	BG-11	30.0	chemostat	methyl viologen (5 μM)	40 μmol/m2 s (127,479 mmol/gDW h)	HUAZHONG AGRICULTURAL UNIVERSITY	SRA1064753		public	1B982B01C53B6B854A855E43F4A429C6	ED754AAB9ED5CB19912ED99386027363			True	True	True	https://www.ncbi.nlm.nih.gov/pmc/articles/PMC7301839/	iron_depletion_oxidative_stress:IsiA_del_no_Fe_28h_mv	True
SRX14927069	SRR18828723	2022-04-20 05:56:51	2022-04-20 05:34:19	36572045	2719413531	0	74	1162		https://sra-downloadb.be-md.ncbi.nlm.nih.gov/sos3/sra-pub-zq-24/SRR018/18828/SRR18828723/SRR18828723.lite.1	Synechocystis under -N at day 7_3	RNA-Seq	unspecified	TRANSCRIPTOMIC	SINGLE	0	0	ILLUMINA	NextSeq 500	SRP371250	PRJNA827942		827942	SRS12678655	SAMN27625103	simple	1148	Synechocystis sp. PCC 6803	Synechocystis sp. PCC 6803 under nitrogen deprivation at day 7_3	nitrogen_deprivation	no_N_7d	no_N_3d	BG-11	28.0	chemostat	HEPES–NaOH (20 mM)	50 μmol/m2 s (159,349 mmol/gDW h)	CHULALONGKORN UNIVERSITY	SRA1407201		public	622E87646E62B304667FC3486AC88177	7CF4ECF01D29E3F636696BEE066A782D			True	True	True		nitrogen_deprivation:no_N_7d	True
SRX14927070	SRR18828722	2022-04-20 05:56:51	2022-04-20 05:37:44	35472130	2651276139	0	74	1132		https://sra-downloadb.be-md.ncbi.nlm.nih.gov/sos4/sra-pub-zq-1/SRR018/18828/SRR18828722/SRR18828722.lite.1	Synechocystis under -N at day 7_2	RNA-Seq	unspecified	TRANSCRIPTOMIC	SINGLE	0	0	ILLUMINA	NextSeq 500	SRP371250	PRJNA827942		827942	SRS12678656	SAMN27625102	simple	1148	Synechocystis sp. PCC 6803	Synechocystis sp. PCC 6803 under nitrogen deprivation at day 7_2	nitrogen_deprivation	no_N_7d	no_N_3d	BG-11	28.0	chemostat	HEPES–NaOH (20 mM)	50 μmol/m2 s (159,349 mmol/gDW h)	CHULALONGKORN UNIVERSITY	SRA1407201		public	B525211A70E97C219A41E94255EDC584	2017E5598CB367D52FA6AA81531F7714			True	True	True		nitrogen_deprivation:no_N_7d	True
SRX14927071	SRR18828721	2022-04-20 05:56:51	2022-04-20 05:31:38	33194339	2472483847	0	74	1060		https://sra-downloadb.be-md.ncbi.nlm.nih.gov/sos2/sra-pub-zq-18/SRR018/18828/SRR18828721/SRR18828721.lite.1	Synechocystis under -N at day 7_1	RNA-Seq	unspecified	TRANSCRIPTOMIC	SINGLE	0	0	ILLUMINA	NextSeq 500	SRP371250	PRJNA827942		827942	SRS12678657	SAMN27625101	simple	1148	Synechocystis sp. PCC 6803	Synechocystis sp. PCC 6803 under nitrogen deprivation at day 7_1	nitrogen_deprivation	no_N_7d	no_N_3d	BG-11	28.0	chemostat	HEPES–NaOH (20 mM)	50 μmol/m2 s (159,349 mmol/gDW h)	CHULALONGKORN UNIVERSITY	SRA1407201		public	03671DA660D795F6A1D184D145FF6640	9DB5BBF57F6081B1F3569FD00BAC68E5			True	True	True		nitrogen_deprivation:no_N_7d	True
SRX14927072	SRR18828720	2022-04-20 05:56:51	2022-04-20 05:27:59	30686082	2292685253	0	74	981		https://sra-downloadb.be-md.ncbi.nlm.nih.gov/sos1/sra-pub-zq-38/SRR018/18828/SRR18828720/SRR18828720.lite.1	Synechocystis under -N at day 3_3	RNA-Seq	unspecified	TRANSCRIPTOMIC	SINGLE	0	0	ILLUMINA	NextSeq 500	SRP371250	PRJNA827942		827942	SRS12678658	SAMN27625100	simple	1148	Synechocystis sp. PCC 6803	Synechocystis sp. PCC 6803 under nitrogen deprivation at day 3_3	nitrogen_deprivation	no_N_3d	no_N_3d	BG-11	28.0	chemostat	HEPES–NaOH (20 mM)	50 μmol/m2 s (159,349 mmol/gDW h)	CHULALONGKORN UNIVERSITY	SRA1407201		public	80DE05340DDDA46DCCB303C182BB10B5	0B05D988196DF572AFF1AE85CC36893D			True	True	True		nitrogen_deprivation:no_N_3d	True
SRX14927073	SRR18828719	2022-04-20 05:56:51	2022-04-20 05:27:45	28655043	2131596425	0	74	915		https://sra-downloadb.be-md.ncbi.nlm.nih.gov/sos3/sra-pub-zq-24/SRR018/18828/SRR18828719/SRR18828719.lite.1	Synechocystis under -N at day 3_2	RNA-Seq	unspecified	TRANSCRIPTOMIC	SINGLE	0	0	ILLUMINA	NextSeq 500	SRP371250	PRJNA827942		827942	SRS12678659	SAMN27625099	simple	1148	Synechocystis sp. PCC 6803	Synechocystis sp. PCC 6803 under nitrogen deprivation at day 3_2	nitrogen_deprivation	no_N_3d	no_N_3d	BG-11	28.0	chemostat	HEPES–NaOH (20 mM)	50 μmol/m2 s (159,349 mmol/gDW h)	CHULALONGKORN UNIVERSITY	SRA1407201		public	597B7057D8A5EC460C6F621CE102CAFA	B79E22F5862523D5628A8A9036EF896A			True	True	True		nitrogen_deprivation:no_N_3d	True
ERX5015785	ERR5211750	2021-03-15 20:31:28	2021-04-20 10:44:40	33347666	2530206418	0	75	870		https://sra-downloadb.be-md.ncbi.nlm.nih.gov/sos2/sra-pub-zq-20/ERR005/5211/ERR5211750/ERR5211750.lite.1	unspecified	RNA-Seq	unspecified	TRANSCRIPTOMIC	SINGLE	0	0	ILLUMINA	NextSeq 500	ERP126684	PRJEB42778		713691	ERS5639261	SAMEA7892025	simple	1148	Synechocystis sp. PCC 6803	SAMEA7892025	day_night_cycles	dark_1_before_sunrise	dark_1_before_sunrise	BG-11	30.0	chemostat		0 µmol/m2 s (0 mmol/gDW h)	KTH, SCIENCE FOR LIFE LABORATORY	ERA3347711		public	4298B5256AE95FBF24A77EC14F65B525	47EDA65C7135810C131B5D55266D0D75			True	True	True	https://www.frontiersin.org/articles/10.3389/fmicb.2021.657379	day_night_cycles:dark_1_before_sunrise	True
ERX5015786	ERR5211751	2021-03-15 20:31:28	2021-04-20 10:44:08	29803336	2261507006	0	75	779		https://sra-downloadb.be-md.ncbi.nlm.nih.gov/sos2/sra-pub-zq-20/ERR005/5211/ERR5211751/ERR5211751.lite.1	unspecified	RNA-Seq	unspecified	TRANSCRIPTOMIC	SINGLE	0	0	ILLUMINA	NextSeq 500	ERP126684	PRJEB42778		713691	ERS5639262	SAMEA7892026	simple	1148	Synechocystis sp. PCC 6803	SAMEA7892026	day_night_cycles	dark_1_before_sunrise	dark_1_before_sunrise	BG-11	30.0	chemostat		0 µmol/m2 s (0 mmol/gDW h)	KTH, SCIENCE FOR LIFE LABORATORY	ERA3347711		public	BE2A37DC909DD99DF3681F07B30807FC	E19D7B666A0D817FA5C60181D2B30246			True	True	True	https://www.frontiersin.org/articles/10.3389/fmicb.2021.657379	day_night_cycles:dark_1_before_sunrise	True
ERX5015787	ERR5211752	2021-03-15 20:31:28	2021-04-22 12:53:06	29513698	2239104403	0	75	716		https://sra-downloadb.be-md.ncbi.nlm.nih.gov/sos2/sra-pub-zq-20/ERR005/5211/ERR5211752/ERR5211752.lite.1	unspecified	RNA-Seq	unspecified	TRANSCRIPTOMIC	SINGLE	0	0	ILLUMINA	NextSeq 500	ERP126684	PRJEB42778		713691	ERS5639263	SAMEA7892027	simple	1148	Synechocystis sp. PCC 6803	SAMEA7892027	day_night_cycles	light_1_after_sunrise	dark_1_before_sunrise	BG-11	30.0	chemostat		500 µmol/m2 s (706.676 mmol/gDW h)	KTH, SCIENCE FOR LIFE LABORATORY	ERA3347711		public	E2C2146626DC1C547041E7979100BF45	0D4355897F24EE65922AF4B8424BF3A3			True	True	True	https://www.frontiersin.org/articles/10.3389/fmicb.2021.657379	day_night_cycles:light_1_after_sunrise	True
ERX5015788	ERR5211753	2021-03-15 20:31:28	2021-04-20 10:16:27	26966757	2046302414	0	75	712		https://sra-downloadb.be-md.ncbi.nlm.nih.gov/sos2/sra-pub-zq-20/ERR005/5211/ERR5211753/ERR5211753.lite.1	unspecified	RNA-Seq	unspecified	TRANSCRIPTOMIC	SINGLE	0	0	ILLUMINA	NextSeq 500	ERP126684	PRJEB42778		713691	ERS5639264	SAMEA7892028	simple	1148	Synechocystis sp. PCC 6803	SAMEA7892028	day_night_cycles	light_1_after_sunrise	dark_1_before_sunrise	BG-11	30.0	chemostat		500 µmol/m2 s (706.676 mmol/gDW h)	KTH, SCIENCE FOR LIFE LABORATORY	ERA3347711		public	039A4C3C3E9652475BF2CCEDB76743F2	F4895FEACCDEB8E4D046E7733947295E			True	True	True	https://www.frontiersin.org/articles/10.3389/fmicb.2021.657379	day_night_cycles:light_1_after_sunrise	True
ERX5015789	ERR5211754	2021-03-15 17:06:19	2021-04-20 11:20:27	28185785	2138208556	0	75	742		https://sra-downloadb.be-md.ncbi.nlm.nih.gov/sos2/sra-pub-zq-20/ERR005/5211/ERR5211754/ERR5211754.lite.1	unspecified	RNA-Seq	unspecified	TRANSCRIPTOMIC	SINGLE	0	0	ILLUMINA	NextSeq 500	ERP126684	PRJEB42778		713691	ERS5639265	SAMEA7892029	simple	1148	Synechocystis sp. PCC 6803	SAMEA7892029	day_night_cycles	light_6_after_sunrise	dark_1_before_sunrise	BG-11	30.0	chemostat		500 µmol/m2 s (706.676 mmol/gDW h)	KTH, SCIENCE FOR LIFE LABORATORY	ERA3347711		public	2F0625866CD0B47D8BFED034ED5FB7BE	FF41A4615CD2A35D9FE77FE61A676DB6			True	True	True	https://www.frontiersin.org/articles/10.3389/fmicb.2021.657379	day_night_cycles:light_6_after_sunrise	True
ERX5015790	ERR5211755	2021-03-15 17:06:19	2021-04-20 10:41:48	30135916	2287044392	0	75	787		https://sra-downloadb.be-md.ncbi.nlm.nih.gov/sos2/sra-pub-zq-20/ERR005/5211/ERR5211755/ERR5211755.lite.1	unspecified	RNA-Seq	unspecified	TRANSCRIPTOMIC	SINGLE	0	0	ILLUMINA	NextSeq 500	ERP126684	PRJEB42778		713691	ERS5639266	SAMEA7892030	simple	1148	Synechocystis sp. PCC 6803	SAMEA7892030	day_night_cycles	light_6_after_sunrise	dark_1_before_sunrise	BG-11	30.0	chemostat		500 µmol/m2 s (706.676 mmol/gDW h)	KTH, SCIENCE FOR LIFE LABORATORY	ERA3347711		public	4AC4E23A47B1D8B6DEFE37060033D193	47BC71466CC43A646E1AA49EC5740301			True	True	True	https://www.frontiersin.org/articles/10.3389/fmicb.2021.657379	day_night_cycles:light_6_after_sunrise	True
ERX5015791	ERR5211756	2021-03-15 17:06:19	2021-04-20 10:57:31	29915007	2266323088	0	75	777		https://sra-downloadb.be-md.ncbi.nlm.nih.gov/sos2/sra-pub-zq-20/ERR005/5211/ERR5211756/ERR5211756.lite.1	unspecified	RNA-Seq	unspecified	TRANSCRIPTOMIC	SINGLE	0	0	ILLUMINA	NextSeq 500	ERP126684	PRJEB42778		713691	ERS5639267	SAMEA7892031	simple	1148	Synechocystis sp. PCC 6803	SAMEA7892031	day_night_cycles	light_11_after_sunrise	dark_1_before_sunrise	BG-11	30.0	chemostat		500 µmol/m2 s (706.676 mmol/gDW h)	KTH, SCIENCE FOR LIFE LABORATORY	ERA3347711		public	210AB255990ACF0672792E6D16B6CB6D	796A120377B740ABAA2B613F8E5DD1D3			True	True	True	https://www.frontiersin.org/articles/10.3389/fmicb.2021.657379	day_night_cycles:light_11_after_sunrise	True
ERX5015792	ERR5211757	2021-03-15 17:06:19	2021-04-20 09:59:16	21475958	1629827649	0	75	564		https://sra-downloadb.be-md.ncbi.nlm.nih.gov/sos2/sra-pub-zq-20/ERR005/5211/ERR5211757/ERR5211757.lite.1	unspecified	RNA-Seq	unspecified	TRANSCRIPTOMIC	SINGLE	0	0	ILLUMINA	NextSeq 500	ERP126684	PRJEB42778		713691	ERS5639268	SAMEA7892032	simple	1148	Synechocystis sp. PCC 6803	SAMEA7892032	day_night_cycles	light_11_after_sunrise	dark_1_before_sunrise	BG-11	30.0	chemostat		500 µmol/m2 s (706.676 mmol/gDW h)	KTH, SCIENCE FOR LIFE LABORATORY	ERA3347711		public	F206EB55D0E8D61684117988FD9E5845	B1E50B82629D7935CF1ED8C08C3353E3			True	True	True	https://www.frontiersin.org/articles/10.3389/fmicb.2021.657379	day_night_cycles:light_11_after_sunrise	True
ERX5015793	ERR5211758	2021-03-15 17:06:19	2021-03-21 22:08:05	25521877	1935786293	0	75	623		https://sra-downloadb.be-md.ncbi.nlm.nih.gov/sos2/sra-pub-zq-20/ERR005/5211/ERR5211758/ERR5211758.lite.1	unspecified	RNA-Seq	unspecified	TRANSCRIPTOMIC	SINGLE	0	0	ILLUMINA	NextSeq 500	ERP126684	PRJEB42778		713691	ERS5639269	SAMEA7892033	simple	1148	Synechocystis sp. PCC 6803	SAMEA7892033	day_night_cycles	dark_13_after_sunrise	dark_1_before_sunrise	BG-11	30.0	chemostat		0 µmol/m2 s (0 mmol/gDW h)	KTH, SCIENCE FOR LIFE LABORATORY	ERA3347711		public	35F0A058D64B95C32AE0320C0D024B6B	26F60361F5A820C05C813D4BC956E39D			True	True	True	https://www.frontiersin.org/articles/10.3389/fmicb.2021.657379	day_night_cycles:dark_13_after_sunrise	True
ERX5015794	ERR5211759	2021-03-15 17:06:19	2021-04-20 10:38:50	28242523	2141768187	0	75	735		https://sra-downloadb.be-md.ncbi.nlm.nih.gov/sos2/sra-pub-zq-20/ERR005/5211/ERR5211759/ERR5211759.lite.1	unspecified	RNA-Seq	unspecified	TRANSCRIPTOMIC	SINGLE	0	0	ILLUMINA	NextSeq 500	ERP126684	PRJEB42778		713691	ERS5639270	SAMEA7892034	simple	1148	Synechocystis sp. PCC 6803	SAMEA7892034	day_night_cycles	dark_13_after_sunrise	dark_1_before_sunrise	BG-11	30.0	chemostat		0 µmol/m2 s (0 mmol/gDW h)	KTH, SCIENCE FOR LIFE LABORATORY	ERA3347711		public	45E52C82C7BABBD9FC348D620508B87B	66B6E98FE11672A09FD58C011D7786B3			True	True	True	https://www.frontiersin.org/articles/10.3389/fmicb.2021.657379	day_night_cycles:dark_13_after_sunrise	True
SRX11490741	SRR15183719;SRR15183720;SRR15183721	2021-07-31 14:35:20	2021-07-18 17:31:49	821733	45900926	0	55	17		https://sra-downloadb.be-md.ncbi.nlm.nih.gov/sos3/sra-pub-zq-24/SRR015/15183/SRR15183721/SRR15183721.lite.1		RNA-Seq	cDNA	TRANSCRIPTOMIC	SINGLE	0	0	ILLUMINA	NextSeq 500	SRP328835	PRJNA747814	3.0	747814	SRS9530216	SAMN20296326	simple	1148	Synechocystis sp. PCC 6803	GSM5460755	heat_sock	wt_30	wt_30	BG-11	30.0	chemostat	TES-KOH (10 mM)	30 μmol/m2 s (95.609 mmol/gDW h)	GEO	SRA1260758		public	416A1F8053F1FAC1FF1B87B15617A02A	EB33BA97D53A77B92411D178A3B74D23			True	True	True	https://www.ncbi.nlm.nih.gov/pmc/articles/PMC8682795/	heat_sock:wt_30	True
SRX11490742	SRR15183722;SRR15183723;SRR15183724	2021-07-31 14:35:21	2021-07-18 17:31:47	578488	32222044	0	55	12		https://sra-downloadb.be-md.ncbi.nlm.nih.gov/sos3/sra-pub-zq-24/SRR015/15183/SRR15183724/SRR15183724.lite.1		RNA-Seq	cDNA	TRANSCRIPTOMIC	SINGLE	0	0	ILLUMINA	NextSeq 500	SRP328835	PRJNA747814	3.0	747814	SRS9530217	SAMN20296325	simple	1148	Synechocystis sp. PCC 6803	GSM5460756	heat_sock	wt_30	wt_30	BG-11	30.0	chemostat	TES-KOH (10 mM)	30 μmol/m2 s (95.609 mmol/gDW h)	GEO	SRA1260758		public	A333AEE2C5FE500A902CC43AD974CA8E	7EF7995BA2100FA1ED6B5EA37B4EDF57			True	True	True	https://www.ncbi.nlm.nih.gov/pmc/articles/PMC8682795/	heat_sock:wt_30	True
SRX11490743	SRR15183725;SRR15183726;SRR15183727	2021-07-31 14:35:21	2021-07-18 17:31:51	724983	40366129	0	55	15		https://sra-downloadb.be-md.ncbi.nlm.nih.gov/sos3/sra-pub-zq-24/SRR015/15183/SRR15183727/SRR15183727.lite.1		RNA-Seq	cDNA	TRANSCRIPTOMIC	SINGLE	0	0	ILLUMINA	NextSeq 500	SRP328835	PRJNA747814	3.0	747814	SRS9530218	SAMN20296324	simple	1148	Synechocystis sp. PCC 6803	GSM5460757	heat_sock	wt_30	wt_30	BG-11	30.0	chemostat	TES-KOH (10 mM)	30 μmol/m2 s (95.609 mmol/gDW h)	GEO	SRA1260758		public	B6F3615E9F12774A67353AE7235BD212	067F68FD917652B4659E911489FF165C			True	True	True	https://www.ncbi.nlm.nih.gov/pmc/articles/PMC8682795/	heat_sock:wt_30	True
SRX11490744	SRR15183728;SRR15183729;SRR15183730	2021-07-31 14:35:21	2021-07-18 17:31:53	657978	36623439	0	55	13		https://sra-downloadb.be-md.ncbi.nlm.nih.gov/sos4/sra-pub-zq-1/SRR015/15183/SRR15183730/SRR15183730.lite.1		RNA-Seq	cDNA	TRANSCRIPTOMIC	SINGLE	0	0	ILLUMINA	NextSeq 500	SRP328835	PRJNA747814	3.0	747814	SRS9530219	SAMN20296323	simple	1148	Synechocystis sp. PCC 6803	GSM5460758	heat_sock	If1_30	wt_30	BG-11	30.0	chemostat	TES-KOH (10 mM)	30 μmol/m2 s (95.609 mmol/gDW h)	GEO	SRA1260758		public	2D42588075DB9779102F05CDE7DE4325	54AF798090DAB3B54934D425457B1953			True	True	True	https://www.ncbi.nlm.nih.gov/pmc/articles/PMC8682795/	heat_sock:If1_30	True
SRX11490745	SRR15183731;SRR15183732;SRR15183733	2021-07-31 14:35:21	2021-07-18 17:32:06	981128	54782796	0	55	20		https://sra-downloadb.be-md.ncbi.nlm.nih.gov/sos4/sra-pub-zq-1/SRR015/15183/SRR15183733/SRR15183733.lite.1		RNA-Seq	cDNA	TRANSCRIPTOMIC	SINGLE	0	0	ILLUMINA	NextSeq 500	SRP328835	PRJNA747814	3.0	747814	SRS9530220	SAMN20296322	simple	1148	Synechocystis sp. PCC 6803	GSM5460759	heat_sock	If1_30	wt_30	BG-11	30.0	chemostat	TES-KOH (10 mM)	30 μmol/m2 s (95.609 mmol/gDW h)	GEO	SRA1260758		public	E101ACC116EF1A06980A40C43A549A4A	D0A47DE3AF738467D22989046BA7D579			True	True	True	https://www.ncbi.nlm.nih.gov/pmc/articles/PMC8682795/	heat_sock:If1_30	True
SRX11490746	SRR15183734;SRR15183735;SRR15183736	2021-07-31 14:35:21	2021-07-18 17:32:05	1085593	60651475	0	55	22		https://sra-downloadb.be-md.ncbi.nlm.nih.gov/sos2/sra-pub-zq-20/SRR015/15183/SRR15183736/SRR15183736.lite.1		RNA-Seq	cDNA	TRANSCRIPTOMIC	SINGLE	0	0	ILLUMINA	NextSeq 500	SRP328835	PRJNA747814	3.0	747814	SRS9530221	SAMN20296321	simple	1148	Synechocystis sp. PCC 6803	GSM5460760	heat_sock	If1_30	wt_30	BG-11	30.0	chemostat	TES-KOH (10 mM)	30 μmol/m2 s (95.609 mmol/gDW h)	GEO	SRA1260758		public	B7F1B8B689AC827D881CBA68605B6564	92A395F1B9CE7A79630BD760FABDCC47			True	True	True	https://www.ncbi.nlm.nih.gov/pmc/articles/PMC8682795/	heat_sock:If1_30	True
SRX11490747	SRR15183737;SRR15183738;SRR15183739	2021-07-31 14:35:21	2021-07-18 17:32:01	726588	40580236	0	55	15		https://sra-downloadb.be-md.ncbi.nlm.nih.gov/sos2/sra-pub-zq-20/SRR015/15183/SRR15183739/SRR15183739.lite.1		RNA-Seq	cDNA	TRANSCRIPTOMIC	SINGLE	0	0	ILLUMINA	NextSeq 500	SRP328835	PRJNA747814	3.0	747814	SRS9530222	SAMN20296320	simple	1148	Synechocystis sp. PCC 6803	GSM5460761	heat_sock	wt_39	wt_30	BG-11	39.0	chemostat	TES-KOH (10 mM)	30 μmol/m2 s (95.609 mmol/gDW h)	GEO	SRA1260758		public	4CA6F70473641B3D4BEDCB32E093B3CA	5D62C8BEF261B4BB7247C671BAA81315			True	True	True	https://www.ncbi.nlm.nih.gov/pmc/articles/PMC8682795/	heat_sock:wt_39	True
SRX11490748	SRR15183740;SRR15183741;SRR15183742	2021-07-31 14:35:21	2021-07-18 17:32:09	812072	45198709	0	55	16		https://sra-downloadb.be-md.ncbi.nlm.nih.gov/sos2/sra-pub-zq-20/SRR015/15183/SRR15183742/SRR15183742.lite.1		RNA-Seq	cDNA	TRANSCRIPTOMIC	SINGLE	0	0	ILLUMINA	NextSeq 500	SRP328835	PRJNA747814	3.0	747814	SRS9530223	SAMN20296319	simple	1148	Synechocystis sp. PCC 6803	GSM5460762	heat_sock	wt_39	wt_30	BG-11	39.0	chemostat	TES-KOH (10 mM)	30 μmol/m2 s (95.609 mmol/gDW h)	GEO	SRA1260758		public	15341D0085544C745FB69C21D9D85603	85C4C62D6067172F75DCF493A85F0F58			True	True	True	https://www.ncbi.nlm.nih.gov/pmc/articles/PMC8682795/	heat_sock:wt_39	True
SRX11490749	SRR15183743;SRR15183744;SRR15183745	2021-07-31 14:35:21	2021-07-18 17:32:12	724927	40354569	0	55	15		https://sra-downloadb.be-md.ncbi.nlm.nih.gov/sos3/sra-pub-zq-22/SRR015/15183/SRR15183745/SRR15183745.lite.1		RNA-Seq	cDNA	TRANSCRIPTOMIC	SINGLE	0	0	ILLUMINA	NextSeq 500	SRP328835	PRJNA747814	3.0	747814	SRS9530224	SAMN20296318	simple	1148	Synechocystis sp. PCC 6803	GSM5460763	heat_sock	wt_39	wt_30	BG-11	39.0	chemostat	TES-KOH (10 mM)	30 μmol/m2 s (95.609 mmol/gDW h)	GEO	SRA1260758		public	80609410D6385AB3662B8B84EDC57106	FD8FC441444CF5A941698245EE9068B0			True	True	True	https://www.ncbi.nlm.nih.gov/pmc/articles/PMC8682795/	heat_sock:wt_39	True
SRX11490750	SRR15183746;SRR15183747;SRR15183748	2021-07-31 14:35:21	2021-07-18 17:32:12	590771	32900057	0	55	12		https://sra-downloadb.be-md.ncbi.nlm.nih.gov/sos3/sra-pub-zq-24/SRR015/15183/SRR15183748/SRR15183748.lite.1		RNA-Seq	cDNA	TRANSCRIPTOMIC	SINGLE	0	0	ILLUMINA	NextSeq 500	SRP328835	PRJNA747814	3.0	747814	SRS9530225	SAMN20296317	simple	1148	Synechocystis sp. PCC 6803	GSM5460764	heat_sock	If1_39	wt_30	BG-11	39.0	chemostat	TES-KOH (10 mM)	30 μmol/m2 s (95.609 mmol/gDW h)	GEO	SRA1260758		public	D5325D095EFDA088F00AEDAC3B0F8A5A	22A191B12B4A914C34AB79EA0E38D974			True	True	True	https://www.ncbi.nlm.nih.gov/pmc/articles/PMC8682795/	heat_sock:If1_39	True
SRX11490751	SRR15183749;SRR15183750;SRR15183751	2021-07-31 14:35:21	2021-07-18 17:32:23	770772	43045669	0	55	16		https://sra-downloadb.be-md.ncbi.nlm.nih.gov/sos3/sra-pub-zq-24/SRR015/15183/SRR15183751/SRR15183751.lite.1		RNA-Seq	cDNA	TRANSCRIPTOMIC	SINGLE	0	0	ILLUMINA	NextSeq 500	SRP328835	PRJNA747814	3.0	747814	SRS9530226	SAMN20296316	simple	1148	Synechocystis sp. PCC 6803	GSM5460765	heat_sock	If1_39	wt_30	BG-11	39.0	chemostat	TES-KOH (10 mM)	30 μmol/m2 s (95.609 mmol/gDW h)	GEO	SRA1260758		public	B1B0848C851852382C492BA94B874D9F	953D5A99CC1887B35413AB7CC103A024			True	True	True	https://www.ncbi.nlm.nih.gov/pmc/articles/PMC8682795/	heat_sock:If1_39	True
SRX11490752	SRR15183752;SRR15183753;SRR15183754	2021-07-31 14:35:21	2021-07-18 17:37:07	941072	52535815	0	55	19		https://sra-downloadb.be-md.ncbi.nlm.nih.gov/sos3/sra-pub-zq-24/SRR015/15183/SRR15183754/SRR15183754.lite.1		RNA-Seq	cDNA	TRANSCRIPTOMIC	SINGLE	0	0	ILLUMINA	NextSeq 500	SRP328835	PRJNA747814	3.0	747814	SRS9530227	SAMN20296315	simple	1148	Synechocystis sp. PCC 6803	GSM5460766	heat_sock	If1_39	wt_30	BG-11	39.0	chemostat	TES-KOH (10 mM)	30 μmol/m2 s (95.609 mmol/gDW h)	GEO	SRA1260758		public	EFEB15F1B32BB51191F3AEB966A370F3	D719FF863D02009BC2A4C47F38216E87			True	True	True	https://www.ncbi.nlm.nih.gov/pmc/articles/PMC8682795/	heat_sock:If1_39	True
SRX9895140	SRR13482451	2021-01-20 16:55:41	2021-01-19 10:20:48	9051215	2715364500	9051215	300	796		https://sra-downloadb.be-md.ncbi.nlm.nih.gov/sos3/sra-pub-zq-24/SRR013/13482/SRR13482451/SRR13482451.lite.1		RNA-Seq	cDNA	TRANSCRIPTOMIC	PAIRED	0	0	ILLUMINA	Illumina HiSeq 2000	SRP302332	PRJNA693188	3.0	693188	SRS8074319	SAMN17379536	simple	1148	Synechocystis sp. PCC 6803	GSM5025653	KpsM	wt	wt	BG-11	30.0	chemostat		50 μmol/m2 s (159,349 mmol/gDW h)	GEO	SRA1185147		public	3289C311C2B0DD63DF253D326C67288D	163A394336CEDAACC3F191B8E4081E96			True	True	True	https://www.ncbi.nlm.nih.gov/pmc/articles/PMC7885315/	KpsM:wt	True
SRX9895141	SRR13482452	2021-01-20 16:55:41	2021-01-19 10:21:11	9349487	2804846100	9349487	300	814		https://sra-downloadb.be-md.ncbi.nlm.nih.gov/sos3/sra-pub-zq-24/SRR013/13482/SRR13482452/SRR13482452.lite.1		RNA-Seq	cDNA	TRANSCRIPTOMIC	PAIRED	0	0	ILLUMINA	Illumina HiSeq 2000	SRP302332	PRJNA693188	3.0	693188	SRS8074320	SAMN17379535	simple	1148	Synechocystis sp. PCC 6803	GSM5025654	KpsM	wt	wt	BG-11	30.0	chemostat		50 μmol/m2 s (159,349 mmol/gDW h)	GEO	SRA1185147		public	385089188EB596C7B4E57512DE020483	8A78A0F1ACAF318028490F951A994FDF			True	True	True	https://www.ncbi.nlm.nih.gov/pmc/articles/PMC7885315/	KpsM:wt	True
SRX9895142	SRR13482453	2021-01-20 16:55:41	2021-01-19 10:22:35	9550184	2865055200	9550184	300	841		https://sra-downloadb.be-md.ncbi.nlm.nih.gov/sos3/sra-pub-zq-24/SRR013/13482/SRR13482453/SRR13482453.lite.1		RNA-Seq	cDNA	TRANSCRIPTOMIC	PAIRED	0	0	ILLUMINA	Illumina HiSeq 2000	SRP302332	PRJNA693188	3.0	693188	SRS8074321	SAMN17379534	simple	1148	Synechocystis sp. PCC 6803	GSM5025655	KpsM	wt	wt	BG-11	30.0	chemostat		50 μmol/m2 s (159,349 mmol/gDW h)	GEO	SRA1185147		public	35B02B2C60617093F330399BDE9AEE40	CCD71F230135984DD9431E308C734023			True	True	True	https://www.ncbi.nlm.nih.gov/pmc/articles/PMC7885315/	KpsM:wt	True
SRX9895143	SRR13482454	2021-01-20 16:55:41	2021-01-19 10:22:04	9356544	2806963200	9356544	300	824		https://sra-downloadb.be-md.ncbi.nlm.nih.gov/sos3/sra-pub-zq-24/SRR013/13482/SRR13482454/SRR13482454.lite.1		RNA-Seq	cDNA	TRANSCRIPTOMIC	PAIRED	0	0	ILLUMINA	Illumina HiSeq 2000	SRP302332	PRJNA693188	3.0	693188	SRS8074322	SAMN17379533	simple	1148	Synechocystis sp. PCC 6803	GSM5025656	KpsM	KpsM_del	wt	BG-11	30.0	chemostat		50 μmol/m2 s (159,349 mmol/gDW h)	GEO	SRA1185147		public	7CD9F25D4597A24F20AAE6BE8E910B2B	B442AF5A70DED51F196A1A66B498FD85			True	True	True	https://www.ncbi.nlm.nih.gov/pmc/articles/PMC7885315/	KpsM:KpsM_del	True
SRX9895144	SRR13482455	2021-01-20 16:55:41	2021-01-19 10:22:11	10239100	3071730000	10239100	300	889		https://sra-downloadb.be-md.ncbi.nlm.nih.gov/sos3/sra-pub-zq-22/SRR013/13482/SRR13482455/SRR13482455.lite.1		RNA-Seq	cDNA	TRANSCRIPTOMIC	PAIRED	0	0	ILLUMINA	Illumina HiSeq 2000	SRP302332	PRJNA693188	3.0	693188	SRS8074323	SAMN17379532	simple	1148	Synechocystis sp. PCC 6803	GSM5025657	KpsM	KpsM_del	wt	BG-11	30.0	chemostat		50 μmol/m2 s (159,349 mmol/gDW h)	GEO	SRA1185147		public	50F95DDCFCB6060AAAB1D87B3FD38592	7FA276F66C0191F89C1A9BB5EB5CD94F			True	True	True	https://www.ncbi.nlm.nih.gov/pmc/articles/PMC7885315/	KpsM:KpsM_del	True
SRX9895145	SRR13482456	2021-01-20 16:55:41	2021-01-19 10:26:16	13071690	3921507000	13071690	300	1142		https://sra-downloadb.be-md.ncbi.nlm.nih.gov/sos3/sra-pub-zq-24/SRR013/13482/SRR13482456/SRR13482456.lite.1		RNA-Seq	cDNA	TRANSCRIPTOMIC	PAIRED	0	0	ILLUMINA	Illumina HiSeq 2000	SRP302332	PRJNA693188	3.0	693188	SRS8074324	SAMN17379531	simple	1148	Synechocystis sp. PCC 6803	GSM5025658	KpsM	KpsM_del	wt	BG-11	30.0	chemostat		50 μmol/m2 s (159,349 mmol/gDW h)	GEO	SRA1185147		public	6587B491574C83990E808D4A8C6A55B9	B470709CBF968D35B73BDA2C44484425			True	True	True	https://www.ncbi.nlm.nih.gov/pmc/articles/PMC7885315/	KpsM:KpsM_del	True
SRX9848492	SRR13434951	2021-01-14 04:03:36	2021-01-14 04:01:57	4923948	1477184400	4923948	300	427		https://sra-downloadb.be-md.ncbi.nlm.nih.gov/sos3/sra-pub-zq-22/SRR013/13434/SRR13434951/SRR13434951.lite.1	WT_0h_1	RNA-Seq	RT-PCR	TRANSCRIPTOMIC	PAIRED	0	0	ILLUMINA	HiSeq X Ten	SRP301698	PRJNA692056		692056	SRS8030113	SAMN17312699	simple	1148	Synechocystis sp. PCC 6803	SYNWT1	iron_limitation	wt_0	wt_0	BG-11	30.0	chemostat		40 μmol/m2 s (127,479 mmol/gDW h)	HUAZHONG AGRICULTURAL UNIVERSITY	SRA1183752		public	49440D859C8D03E6F40D3288A68E2152	188C6E7885A9FF3BD09CE93C4335D432			True	True	True	https://link.springer.com/article/10.1007/s00253-021-11347-2	iron_limitation:wt_0	True
SRX9848493	SRR13434950	2021-01-14 04:13:38	2021-01-14 04:04:50	9404201	2821260300	9404201	300	818		https://sra-downloadb.be-md.ncbi.nlm.nih.gov/sos3/sra-pub-zq-24/SRR013/13434/SRR13434950/SRR13434950.lite.1	WT_0h_2	RNA-Seq	RT-PCR	TRANSCRIPTOMIC	PAIRED	0	0	ILLUMINA	HiSeq X Ten	SRP301698	PRJNA692056		692056	SRS8030114	SAMN17312700	simple	1148	Synechocystis sp. PCC 6803	SYNWT2	iron_limitation	wt_0	wt_0	BG-11	30.0	chemostat		40 μmol/m2 s (127,479 mmol/gDW h)	HUAZHONG AGRICULTURAL UNIVERSITY	SRA1183752		public	1CF74B073958D4DF47463803A5F5872A	531111B14DB87F3623DD018E05027314			True	True	True	https://link.springer.com/article/10.1007/s00253-021-11347-2	iron_limitation:wt_0	True
SRX9848502	SRR13434941	2021-01-14 04:05:52	2021-01-14 04:02:30	6828018	2048405400	6828018	300	592		https://sra-downloadb.be-md.ncbi.nlm.nih.gov/sos3/sra-pub-zq-24/SRR013/13434/SRR13434941/SRR13434941.lite.1	WT_0h_3	RNA-Seq	RT-PCR	TRANSCRIPTOMIC	PAIRED	0	0	ILLUMINA	HiSeq X Ten	SRP301698	PRJNA692056		692056	SRS8030123	SAMN17312701	simple	1148	Synechocystis sp. PCC 6803	SYNWT3	iron_limitation	wt_0	wt_0	BG-11	30.0	chemostat		40 μmol/m2 s (127,479 mmol/gDW h)	HUAZHONG AGRICULTURAL UNIVERSITY	SRA1183752		public	AA4664032A7124DB9081CFFA94930DB9	53CADB4982C5451948F5D641E7699D42			True	True	True	https://link.springer.com/article/10.1007/s00253-021-11347-2	iron_limitation:wt_0	True
SRX9848503	SRR13434940	2021-01-14 04:03:36	2021-01-14 04:01:54	6709074	2012722200	6709074	300	586		https://sra-downloadb.be-md.ncbi.nlm.nih.gov/sos3/sra-pub-zq-24/SRR013/13434/SRR13434940/SRR13434940.lite.1	WT_48h_1	RNA-Seq	RT-PCR	TRANSCRIPTOMIC	PAIRED	0	0	ILLUMINA	HiSeq X Ten	SRP301698	PRJNA692056		692056	SRS8030124	SAMN17312702	simple	1148	Synechocystis sp. PCC 6803	SYNWT4	iron_limitation	wt_48	wt_0	BG-11	30.0	chemostat		40 μmol/m2 s (127,479 mmol/gDW h)	HUAZHONG AGRICULTURAL UNIVERSITY	SRA1183752		public	E8BE1767B44CB086CD1D8ECC77AAF3E3	EF492BB4EA78FEBD668F034E3666D384			True	True	True	https://link.springer.com/article/10.1007/s00253-021-11347-2	iron_limitation:wt_48	True
SRX9848504	SRR13434939	2021-01-14 04:10:50	2021-01-14 04:03:43	6538182	1961454600	6538182	300	576		https://sra-downloadb.be-md.ncbi.nlm.nih.gov/sos3/sra-pub-zq-24/SRR013/13434/SRR13434939/SRR13434939.lite.1	WT_48h_2	RNA-Seq	RT-PCR	TRANSCRIPTOMIC	PAIRED	0	0	ILLUMINA	HiSeq X Ten	SRP301698	PRJNA692056		692056	SRS8030125	SAMN17312703	simple	1148	Synechocystis sp. PCC 6803	SYNWT5	iron_limitation	wt_48	wt_0	BG-11	30.0	chemostat		40 μmol/m2 s (127,479 mmol/gDW h)	HUAZHONG AGRICULTURAL UNIVERSITY	SRA1183752		public	7D4B384D7356A40DAD1B6F5AA6A433B2	56797A6030148FEE6E2849C7AA665890			True	True	True	https://link.springer.com/article/10.1007/s00253-021-11347-2	iron_limitation:wt_48	True
SRX9848505	SRR13434938	2021-01-14 04:05:52	2021-01-14 04:02:21	6629439	1988831700	6629439	300	575		https://sra-downloadb.be-md.ncbi.nlm.nih.gov/sos3/sra-pub-zq-22/SRR013/13434/SRR13434938/SRR13434938.lite.1	WT_48h_3	RNA-Seq	RT-PCR	TRANSCRIPTOMIC	PAIRED	0	0	ILLUMINA	HiSeq X Ten	SRP301698	PRJNA692056		692056	SRS8030126	SAMN17312704	simple	1148	Synechocystis sp. PCC 6803	SYNWT6	iron_limitation	wt_48	wt_0	BG-11	30.0	chemostat		40 μmol/m2 s (127,479 mmol/gDW h)	HUAZHONG AGRICULTURAL UNIVERSITY	SRA1183752		public	868040B272609D5E3FC64D6F259FF5B6	7E9277C748DA1AE221B2B3AA4E18D030			True	True	True	https://link.springer.com/article/10.1007/s00253-021-11347-2	iron_limitation:wt_48	True
